epoch,loss,training_seconds,cumulative_training_seconds,scoring_seconds,ndcg10_delta,ndcg10_relative_delta,overall_ndcg5,overall_recall5,overall_ndcg10,overall_recall10,overall_ndcg20,overall_recall20,VIEW_ndcg10,VIEW_recall10,PURCHASE_ndcg10,PURCHASE_recall10,FAVORITE_ndcg10,FAVORITE_recall10
1,0.6827613861917706,95.48334109999996,95.48334109999996,46.20533239999986,,,0.00043181517571894227,0.0008038585209003215,0.0007400988856392399,0.0018086816720257234,0.001383431141710654,0.0044212218649517685,0.0008182221351350502,0.0021492170709241634,0.0005924229108300344,0.0011641443538998836,0.0,0.0
2,0.6398189523239889,90.65372690000004,186.137068,47.31946099999959,0.0009561571829126946,1.2919316613844651,0.0013756787292279295,0.002612540192926045,0.0016962560685519345,0.003617363344051447,0.002906592936844667,0.008440514469453377,0.0010021258813832118,0.00184218606079214,0.0030131817237772436,0.006984866123399301,0.0,0.0
3,0.5693881372073749,90.30258270000013,276.43965070000013,49.24528099999998,0.002386463247957291,1.4069003449429514,0.0031935305282906794,0.00502411575562701,0.004082719316509225,0.007837620578778135,0.005896216347900294,0.01507234726688103,0.0012078004875116974,0.003070310101320233,0.009535392975043251,0.016880093131548313,0.0,0.0
4,0.45973317875518455,91.9796567000003,368.41930740000043,,,,,,,,,,,,,,,
5,0.33228297192895073,91.12786589999996,459.5471733000004,49.644465500000024,0.0027720363194194348,0.678968134843411,0.005470339666608123,0.008038585209003215,0.00685475563592866,0.012258842443729904,0.00916889877030516,0.0215032154340836,0.0011860227527552643,0.0021492170709241634,0.017605580872326616,0.03143189755529686,0.0,0.0
6,0.2280044731472981,92.49853320000011,552.0457065000005,,,,,,,,,,,,,,,
7,0.16052574232705996,93.89902470000015,645.9447312000007,,,,,,,,,,,,,,,
8,0.12002736109561253,91.30619819999993,737.2509294000006,48.782694900000024,0.001321665140952358,0.19280995722516417,0.006770292209902418,0.01004823151125402,0.008176420776881018,0.014469453376205787,0.01030845266427694,0.022909967845659164,0.0013332816716234235,0.002456248081056187,0.021154465297603297,0.037252619324796274,0.0,0.0
9,0.09370388304369365,89.40124070000002,826.6521701000006,,,,,,,,,,,,,,,
10,0.07701679374390151,90.23803730000009,916.8902074000007,,,,,,,,,,,,,,,
11,0.06502716648324612,92.30071270000008,1009.1909201000008,,,,,,,,,,,,,,,
12,0.05629561157485345,86.55172600000014,1095.742646100001,51.38356440000007,0.00010578167851415556,0.012937406403209485,0.006586832805306881,0.00984726688102894,0.008282202455395174,0.01507234726688103,0.010834642830527189,0.02532154340836013,0.0016564137687989512,0.00276327909118821,0.020848253651378466,0.03841676367869616,0.0,0.0
13,0.049944605655085274,90.28108460000021,1186.0237307000011,,,,,,,,,,,,,,,
14,0.04524778905411768,93.14036410000017,1279.1640948000013,,,,,,,,,,,,,,,
15,0.04138495032020476,92.23056550000001,1371.3946603000013,,,,,,,,,,,,,,,
16,0.03823213141452849,91.6997421000001,1463.0944024000014,,,,,,,,,,,,,,,
17,0.0356950210923702,91.2829783000002,1554.3773807000016,,,,,,,,,,,,,,,
18,0.03352039740488646,91.92325280000023,1646.3006335000018,,,,,,,,,,,,,,,
19,0.0316745353648368,91.57701010000028,1737.877643600002,,,,,,,,,,,,,,,
20,0.030255203787818274,85.9121054000002,1823.7897490000023,45.0451094,0.0010235083970500224,0.12357925353337516,0.00764583132568965,0.011454983922829582,0.009305710852445196,0.016680064308681672,0.011975951641744498,0.027331189710610933,0.002329473275495246,0.00460546515198035,0.022536741992712026,0.03958090803259604,0.0,0.0
21,0.02894488219378293,83.58771940000042,1907.3774684000027,,,,,,,,,,,,,,,
22,0.027699924048297082,84.64519300000029,1992.022661400003,,,,,,,,,,,,,,,
23,0.02663545873098731,86.3359959999998,2078.358657400003,,,,,,,,,,,,,,,
24,0.025701657541700312,87.03649380000024,2165.395151200003,,,,,,,,,,,,,,,
25,0.02492472452220616,92.87831769999957,2258.2734689000026,,,,,,,,,,,,,,,
26,0.02422712840028856,90.02914299999975,2348.3026119000024,,,,,,,,,,,,,,,
27,0.02356115693764726,90.41035580000062,2438.712967700003,,,,,,,,,,,,,,,
28,0.022989251579875056,93.42651949999981,2532.139487200003,,,,,,,,,,,,,,,
29,0.022455667277858724,92.46364789999916,2624.603135100002,,,,,,,,,,,,,,,
30,0.022009617568988272,91.13886569999977,2715.7420008000017,47.77958470000067,0.0005344457691090574,0.05743201971170476,0.007421049166765873,0.011254019292604502,0.009840156621554253,0.018890675241157555,0.013308059214716233,0.03255627009646302,0.003012075854587713,0.006754682222904513,0.02279062182215471,0.04190919674039581,0.0,0.0
